x_handle	email
samimokbel_bbc	
migueldelaney	
skysports_keith	
ekremkonur	
laurensjulien	
duncancastles	
sachatavolieri	
jacobsteinberg	
jameshorncastle	
alex_crook	
jamesbenge	
skysports_sheth	
jamesolley	
adamcrafton_	
_chrisbascombe	
jburttelegraph	
ankaman616	
tombogert	
jnorthcroft	
georgecaulkin	
sportspeteo	
deanjonessoccer	
craighope_dm	
alasdairgold	
jpercytelegraph	
lukeedwardstele	
lee_ryder	
robdawsonespn	
liam_twomey	
mariocortegana	
chriswheelerdm	
jack_gaughan	
mikekeegan_dm	
philhay_	
skysportslyall	
samlee	
ncustisthesun	
iandoylesport	
mjshrimper	
robharris	
jimboardman	
dan_kp	
keithsmithnba	
jakelfischer	
alexkennedynba	
kcjhoop	
jonkrawczynski	
nickfriedell	
byjayking	
mikeascotto	
ericpincus	
chrisfedor	
gwashburnglobe	
brettsiegelnba	
sbondynba	
jaredweissnba	
grantafseth	
joevardon	
james_hamnba	
kellyiko	
dannyleroux	
stevebhoop	
ianbegley	
iraheatbeat	
thompsonscribe	
notoriousohm	
baxter	
anthony_chiang	
danwoikesports	
taniaganguli	
jledwardsiii	
stevekylernba	
bytimreynolds	
bengolliver	
tomhaberstroh	
talkhoops	
thefrankisola	
mikecwright	
fredkatz	
joshuabrobbins	
darnellmayberry	
krisplashed	
duanerankin	
jmcdonald_saen	
townbrad	
jourdanrodrigue	
jeffzrebiec	
seifertespn	
courtneyrcronin	
nwagoner	
richcimini	
cameronwolfe	
mmehtasports	
marcel_lj	
jennalaineespn	
kat_terrell	
toddarcher	
calvinwatkins	
aaronwilson_nfl	
bengoessling	
agetzenberg	
bepryor	
robdemovsky	
tdavenport_nfl	
bradyhenderson	
caplannfl	
bradbiggs	
aaronnagler	
mikeklis	
mikefreemannfl	
omarkelly	
adamteicher	
josephperson	
nickijhabvala	
espndirocco	
john_keim	
jamisonhensley	
akronjackson	
alec_lewis	
davebirkett	
maiocconbcs	
judybattista	
jonmachota	
clarencehilljr	
joebuscaglia	
zberm	
tim_mcmanus	
jeff_mclane	
lombardihimself	
mattbarrows	
danwiederer	
jeffphowe	
shelbytalcott	
lacaldwelldc	
andrewfeinberg	
olivia_beavers	
mzanona	
jessicaelgot	
breeallegretti	
reesejgorman	
andrewdesiderio	
andrewsolender	
vaughnhillyard	
kelliemeyernews	
rachaelmbade	
anniekarni	
sarahnferris	
mariannareports	
axiosalex	
aaronblake	
josh_wingrove	
siennamarla	
jakesherman	
burgesevans	
alexburnsnyt	
mkraju	
chadpergram	
kasiehunt	
hugorifkind	
pippacrerar	
bethrigby	
robertpeston	
alexthomp	
kyledcheney	
scottwongdc	
meridithmcgraw	
myahward	
plettigoal	
nicoschira	
jacobsben	
rudygaletti	
mcgrathmike	
transferzone00	
actualtransfers	
david_ornstein	
dimarzio	
nbatradereport	
yueqi_yang	
iamsania_ai	hubsaniaai@gmail.com
how2use_ai	
aiwithradhe	
roufxguru	code999check@gmail.com
sadiamalik182	sadlog182@gmail.com
liamcoderx	mdrubel980170@gmail.com
hey_gracewilson	weternal221@gmail.com
ai_explorer25	nehajaincollabs@gmail.com
aiden_tech_ai	aidentechai1@gmail.com
jason_coder0	leocoder56@gmail.com
nesu_ai_x	
monetizationdon	
oliviscusai	
ryan_blake_ai	
nexagrowthx	
bipulhossa69692	bipulhossain2005@gmail.com
pushpendratips	trippushpendra195@gmail.com
abhayaitech	abhaygoswami700@gmail.com
anya_ai0	jessicaaitech0@gmail.com
	lucaswa190@gmail.com
	discoverai024@gmail.com
